Position,Conservation,BLOSUM62_Impact
175,0.9090909090909091,0.0
245,1.0,-4.0
248,0.9090909090909091,-4.0
249,1.0,-4.0
273,1.0,-4.0
282,0.9090909090909091,-4.0
